product_id,cmt_name,product_type,order_date,cmt
19579293265,peaxfull,"PhÃ¢n loáº¡i hÃ ng: Hyacinth,3 cháº¿ Ä‘á»™",2023-08-05 20:23,"mÃ u xinh xá»‰uuu, báº¥m ráº¥t Ãªm vÃ¬ Ä‘Æ°á»£c lube sáºµn. tiáº¿ng nghe khÃ´ng quÃ¡ á»“n cÅ©ng khÃ´ng quÃ¡ nhá», thÃ­ch há»£p cho nhá»¯ng báº¡n cÃ³ sá»Ÿ thÃ­ch Ä‘Ã¡nh mÃ¡y nha :)) giao hÃ ng cÅ©ng khÃ¡ nhanh, gÃ³i hÃ ng há»™p + xá»‘p Ä‘áº§y Ä‘á»§. nháº¯n tin shop tráº£ lá»i nhanh mÃ  táº­n tÃ¬nh ná»¯a"
19579293265,lxqprank2020,"PhÃ¢n loáº¡i hÃ ng: Hyacinth,CÃ³ dÃ¢y",2023-07-31 18:11,"Sau mÃ¬nh 1 tuáº§n tráº£i nghiá»‡m thÃ¬ bÃ n phÃ­m nÃ y cÃ³ Æ°u vÃ  nhÆ°á»£c Ä‘iá»ƒm sau:
Æ¯u Ä‘iá»ƒm:
- Switch á»•n, stab cÃ³ má»—i space lÃ  oke cÃ²n láº¡i pháº£i mod láº¡i
- ÄÃ¨n led RGB Ä‘áº¹p
- Máº¡ch hotswap socket 5 pin
- NÃºm xoay á»•n
- GiÃ¡ ráº» há»£p tÃºi tiá»n nhiá»u ae (mÃ¬nh mua 450k 1 mode dÃ¢y)
NhÆ°á»£c Ä‘iá»ƒm:
- Keycap ABS hoÃ n thiá»‡n kÃ©m, keycap mÃ u tráº¯ng thÃ¬ xuyÃªn led cÃ²n láº¡i ko xuyÃªn led, nÃªn thay keycap khÃ¡c
- Kit nhá»±a á»t áº¹t, bÃªn trong cÃ²n rá»—ng cáº§n lÃ³t thÃªm foam or silicon
- Stab ko á»•n trá»« space
- Máº¡ch ngÆ°á»£c
- DÃ¢y type C hoÃ n thiá»‡n kÃ©m dá»ƒ Ä‘á»©t
Äá»ƒ mÃ¬nh sá»­ dá»¥ng thÃªm má»™t thá»i gian ná»¯a rá»“i sáº½ Ä‘Ã¡nh giÃ¡ chi tiáº¿t bÃ n phÃ­m ZA68 thÃªm, hiá»‡n táº¡i chá»‰ cÃ³ váº­y, má»i ae gÃ³p Ã½."
19579293265,khoa12345668,"PhÃ¢n loáº¡i hÃ ng: Hyacinth,CÃ³ dÃ¢y",2023-06-07 21:22,"Cháº¥t lÆ°á»£ng sáº£n pháº©m: tá»‘t
TÃ­nh nÄƒng ná»•i báº­t: vá» khÃ´ng cáº§n set up láº¡i váº«n cÃ³ thá»ƒ dÃ¹ng Ä‘Æ°á»£c tá»‘t
Shop tÆ° váº¥n nhiá»‡t tÃ¬nh"
19579293265,haizzz678,"PhÃ¢n loáº¡i hÃ ng: MÃ¡y thá»i gian,CÃ³ dÃ¢y",2023-08-09 09:08,"SÄƒn dc lÃºc sale nÃªn giÃ¡ siuu há»i lun, nÃªn mua nha mn, ai bá»‹ ngÃ¡o bÃ n phÃ­ sá»‘ thÃ¬ nháº¥n giá»¯ fn+crt 3s lÃ  oke láº¡i liá»n Ã¡"
19579293265,bibi0069,"PhÃ¢n loáº¡i hÃ ng: Hyacinth,CÃ³ dÃ¢y",2023-06-06 07:03,"Anh khÃ´ng biáº¿t nhiÃªu sao trÃªn trá»i
Anh khÃ´ng biáº¿t cuá»™c Ä‘á»i mai ra sao
DÃ¹ gian lao, dÃ¹ ra sao thÃ¬ anh váº«n luÃ´n cÃ³
CÃ³ má»™t ngÆ°á»i luÃ´n bÃªn cáº¡nh anh mÃ£i thÃ´i.
Anh khÃ´ng biáº¿t yÃªu em sao cho vá»«a
Anh khÃ´ng biáº¿t ngá»t ngÃ o hay trÄƒng sao
TÃ¬nh yÃªu anh dÃ¹ khÃ´ng máº¥y lá»i nhÆ°ng lÃ²ng anh biáº¿t Ã½ nghÄ©a cuá»™c Ä‘á»i nÃ y lÃ  khi cÃ³ em.
VÃ  em Æ¡i Ä‘iá»u anh biáº¿t lÃ  má»—i khi em cÆ°á»i
LÃ  bao nhiÃªu phiá»n lo trong Ä‘á»i biáº¿n tan
VÃ  em Æ¡i Ä‘iá»u anh biáº¿t lÃ  ná»—i nhá»› tÆ¡i bá»i lÃºc em rá»i xa chá»‘n Ä‘Ã¢y em giáº­n anh.
VÃ  em Æ¡i Ä‘iá»u anh biáº¿t lÃ  láº¯m khi Ä‘au lÃ²ng
VÃ¬ anh vÃ´ tÃ¬nh cho em buá»“n xÃ³t xa vÃ  em Æ¡i Ä‘iá»u anh biáº¿t lÃ  khÃ´ng cáº§n cÃ¢u há»©a
ÄÃ£ yÃªu hÃ´m nay yÃªu nhiá»u hÆ¡n lÃºc xÆ°a.
Anh trÃ´ng tháº¥y bao bÃ´ng hoa trÃªn Ä‘á»i"
19579293265,phuonganhdodaihoc,"PhÃ¢n loáº¡i hÃ ng: Hyacinth,CÃ³ dÃ¢y",2023-07-28 19:12,"BÃ n phÃ­m Ä‘áº¹p láº¯m, Ä‘áº¹p hÆ¡n trong hÃ¬nh cá»§a shop quáº£ng cÃ¡o nhiá»u, bá»n khÃ´ng thÃ¬ váº«n chÆ°a biáº¿t"
19579293265,hunhkhinguyn338,"PhÃ¢n loáº¡i hÃ ng: Hyacinth,CÃ³ dÃ¢y",2023-08-07 19:33,TÃ­nh nÄƒng ná»•i báº­t: Steven Universe Theme (L.Dre Lofi Remix) (1 hour) ğŸ§ Lofi Chill Beats  âœ” Follow L.Dre
19579293265,kieuthi98,"PhÃ¢n loáº¡i hÃ ng: Hyacinth,CÃ³ dÃ¢y",2023-07-12 09:44,"TÃ­nh nÄƒng ná»•i báº­t: led ráº¥t ok
Cháº¥t lÆ°á»£ng sáº£n pháº©m: tá»‘t
NhÃ  cÃ³ thá»ƒ Ä‘i thuÃª, nhÆ°ng cuá»™c sá»‘ng thÃ¬ khÃ´ng. Báº¥t ká»ƒ Ä‘ang cá»‘ gáº¯ng pháº¥n Ä‘áº¥u á»Ÿ thÃ nh phá»‘ nÃ o, báº¡n Ä‘á»u cÃ³ thá»ƒ khiáº¿n cuá»™c sá»‘ng cá»§a mÃ¬nh tá»‘t Ä‘áº¹p hÆ¡n.

Náº¿u khÃ´ng thá»ƒ Ä‘iá»u chá»‰nh cáº£m xÃºc tiÃªu cá»±c, thÃ¬ dÃ¹ á»Ÿ biá»‡t thá»± váº«n cá»© cáº±n nháº±n. Äá»«ng nÃ³i ráº±ng pháº£i Ä‘á»£i cÃ³ nhÃ , cÃ³ xe má»›i hÆ°á»Ÿng thá»¥ cuá»™c sá»‘ng; Ä‘á»«ng cho ráº±ng chá»‰ khi tháº­t sá»± cÃ³ nhá»¯ng thá»© Ä‘Ã³, cuá»™c sá»‘ng má»›i trá»Ÿ nÃªn khÃ¡c biá»‡t.

Má»—i giai Ä‘oáº¡n trong cuá»™c Ä‘á»i Ä‘á»u cÃ³ nhá»¯ng tráº£i nghiá»‡m Ä‘áº·c biá»‡t, viá»‡c cá»§a chÃºng ta lÃ  tÃ¬m ra Ä‘iá»u tá»‘t Ä‘áº¹p tá»« nhá»¯ng tráº£i nghiá»‡m Ä‘Ã³ Ä‘á»ƒ cuá»™c sá»‘ng thÃªm vui tÆ°Æ¡i"
19579293265,callmebibin_205,"PhÃ¢n loáº¡i hÃ ng: Hyacinth,CÃ³ dÃ¢y",2023-06-21 16:27,"Cháº¥t lÆ°á»£ng sáº£n pháº©m: tot
TÃ­nh nÄƒng ná»•i báº­t: Ä‘Ã¨n led, tiáº¿ng láº¡ch cáº¡ch
BÃ n phÃ­m giÃ¡ háº¡t záº». CÃ³ Ä‘Ã¨n led. Shop giao hÃ ng nhanh Ä‘Ãºng máº«u, Ä‘Ãºng mÃ u. ğŸ‘ŒğŸ¿ğŸ«¶ğŸ¿âœ¨ğŸ¦¥ sp k bj tráº§y sÆ°á»›c j trÆ¡n. Má»i thá»© ok. Ghim dÃ¢y vÃ o lap thÃ¬ ná»i Ä‘Ã¨n, dc nhÃ¬u mÃ u. PhÃ­m nháº¡y nÃ¨. Ngoáº¡i hÃ¬nh thÃ¬ siu Ä‘áº¹p. Cáº§m náº·ng tay... vv"
19579293265,danh0304k8,"PhÃ¢n loáº¡i hÃ ng: Hyacinth,CÃ³ dÃ¢y",2023-06-30 18:05,"TÃ­nh nÄƒng ná»•i báº­t: CÃ³ khÃ¡ nhiá»u cháº¿ Ä‘á»™ led, media tá»‘t.
Cháº¥t lÆ°á»£ng sáº£n pháº©m: Tá»‘t
Stock mua vá» gÃµ cÅ©ng khÃ¡ á»•n, nháº¹ mÃ  Ãªm, stab váº«n hÆ¡i lá»c xá»c nháº¹ nÃªn mÃ¬nh mod láº¡i rá»“i má»›i Ä‘Ã¡nh giÃ¡ (video). Mod xong phÃ­m gÃµ cho cáº£m giÃ¡c tiáº¿ng ná»• thocky, ráº¥t sÆ°á»›ng. Tiá»‡n thá»ƒ thÃ¬ giao hÃ ng tá»« nÆ°á»›c ngoÃ i mÃ  vá» tay mÃ¬nh nhanh hÆ¡n mÃ¬nh tÆ°á»Ÿng. Ráº¥t thÃ­ch!"
21754697295,bvh306tv,PhÃ¢n loáº¡i hÃ ng: Chanh im láº·ng,2023-07-17 11:15,
21754697295,minhdung1552,PhÃ¢n loáº¡i hÃ ng: Gáº¥u trÃºc,2022-11-26 23:47,Há»¯u Ãch?
21754697295,toan.nguyenvn89,PhÃ¢n loáº¡i hÃ ng: Trong suá»‘t,2023-03-24 22:55,Há»¯u Ãch?
21754697295,shopbossgear,PhÃ¢n loáº¡i hÃ ng: ÄÃ o im láº·ng,2023-04-29 12:19,Há»¯u Ãch?
21754697295,tgb130605,PhÃ¢n loáº¡i hÃ ng: Chanh im láº·ng,2023-06-27 12:13,Há»¯u Ãch?
21754697295,tgb130605,PhÃ¢n loáº¡i hÃ ng: Chanh im láº·ng,2023-08-04 16:03,Há»¯u Ãch?
21754697295,mvp.computer,PhÃ¢n loáº¡i hÃ ng: Trong suá»‘t,2022-12-09 18:37,Há»¯u Ãch?
21754697295,fv5jcjgxqu,PhÃ¢n loáº¡i hÃ ng: ÄÃ o im láº·ng,2023-05-18 02:57,Há»¯u Ãch?
22871944188,naithcslt,PhÃ¢n loáº¡i hÃ ng: Tráº¯ng há»“ng,2023-07-29 22:07,"Shop chuÄn bi hang nhanh,bÃªn van chuyÃªn cÃ¼ng rÃ¢t le. Shop dÃ³ng gÃ³i cÃ¢n thÃ¢n, kÃ¬ cang;dÃ¢y du sÃ´ luÃ³ng. San pham giÃ¶ng mÃ´ ta,chÃ¢t luong phÃ¹ hop voi giÃ¡ sale.Quat chay khÃ¡ Ãªm
Mua ok moi nguÃ¶i di
Thanks shop!"
18980389216,kngamingdecor,PhÃ¢n loáº¡i hÃ ng: Tráº¯ng,2023-07-15 22:12,"Cháº¥t lÆ°á»£ng sáº£n pháº©m: ok
Tháº¥y chÆ°a cÃ³ ai mua máº·t hÃ ng nÃ y cÅ©ng hÆ¡i rÃ©n. Shop quá»‘c táº¿ nhÆ°ng giao hÃ ng khÃ¡ nhanh. ÄÃ³ng gÃ³i cáº©n tháº­n. HÃ ng cháº¥t lÆ°á»£ng mn nÃªn mua nhÃ©"
18980389216,yinky95,PhÃ¢n loáº¡i hÃ ng: Tráº¯ng,2023-07-30 09:56,Há»¯u Ãch?
18980389216,angelespaulaaa,2023-06-13 07:45,Philippines,"Giao hÃ ng vÃ o ngÃ y hÃ´m sau ngay sau khi Ä‘áº·t hÃ ng cá»§a tÃ´i ğŸ’– TÃ´i thÃ­ch cÃ¡ch nÃ³ lÃ  cháº¿ Ä‘á»™ ba. Rgb cÅ©ng tuyá»‡t vá»i! NgoÃ i ra, cÃ¡c váº¿t Ä‘Ã¢m nghe khÃ¡ - khÃ´ng cáº§n sá»­a Ä‘á»•i ğŸ«¶ Ráº¥t vui vÃ¬ tÃ´i Ä‘Ã£ Ä‘i vá»›i kesa sa x75 na cÃ³ dÃ¢y nÃ y ğŸ˜… TÃ´i cÅ©ng Ä‘Ã£ ghÃ©p ná»‘i nÃ³ vá»›i cÃ¡c cÃ´ng táº¯c Akko CS Air Ä‘Æ°á»£c bÃ´i trÆ¡n. Pabudol na kayo ğŸ˜‚"
18980389216,georgeo,2023-07-08 22:28,Thailand,ÄÃ¡nh giÃ¡ Ä‘Æ°á»£c dá»‹ch tá»± Ä‘á»™ng bá»Ÿi há»‡ thá»‘ng
18980389216,tusiwar,2023-07-24 16:45,Thailand,ÄÃ¡nh giÃ¡ Ä‘Æ°á»£c dá»‹ch tá»± Ä‘á»™ng bá»Ÿi há»‡ thá»‘ng
15978416605,bokhangnguyntrng,PhÃ¢n loáº¡i hÃ ng: Äen,2022-09-11 13:52,"BÃ n phÃ­m Ä‘áº¹p, giao hÃ ng nhanh cho shop 5 sao"
19757465077,ngoisaoleloi0xx,PhÃ¢n loáº¡i hÃ ng: CÃ´ng táº¯c Pink-Red,2023-07-30 06:47,"Cháº¥t lÆ°á»£ng quÃ¡ tá»‡, sÃ i chÆ°a tá»›i 1 thÃ¡ng Ä‘Ã£ liá»‡t phÃ­m. LiÃªn há»‡ shop khÃ´ng há» cÃ³ cÆ¡ cháº¿ bá»“i thÆ°á»ng hay hoÃ n tráº£. Cháº¥t lÆ°á»£ng kÃ©m khÃ´ng báº£o hÃ nh, tá»‘t nháº¥t Ä‘á»«ng mua"
17455895515,phuongbinh_0601,PhÃ¢n loáº¡i hÃ ng: Tráº¯ng,2023-06-10 10:14,"Giao Ä‘Ãºng hÃ ng, Ä‘Ãºng máº«u mÃ£. 
BÃ n phÃ­m cáº§m nháº¹ tay, hÃ nh trÃ¬nh phÃ­m khÃ¡ sÃ¢u, báº¡n nÃ o muá»‘n tráº£i nghiá»‡m cÃ³ thá»ƒ cÃ¢n nháº¯c nha. 
Highly recommend"
17455895515,thuyduong8696,PhÃ¢n loáº¡i hÃ ng: Tráº¯ng,2022-08-30 17:07,"Cháº¥t lÆ°á»£ng sáº£n pháº©m: toots
ChÄƒm sÃ³c khÃ¡ch hÃ ng tá»‘t.    HÃ ng oke vá»›i giÃ¡. So vá»›i giÃ¡ 500"
17455895515,vinhtnt004,PhÃ¢n loáº¡i hÃ ng: Äen,2023-08-09 11:34,"Sáº£n pháº©m ráº¥t tá»‘t  ,nghe tiáº¿ng khÃ¡ báº¯t tai ,Ã¡nh sÃ¡ng khÃ¡ Ä‘áº¹p.. â€˜â€™"
17455895515,psphungvuong32621,PhÃ¢n loáº¡i hÃ ng: Tráº¯ng,2022-07-04 21:10,"Ráº¥t hÃ i lÃ²ng, cáº£m giÃ¡c Ä‘áº¹p, gÃµ nhanh, Ã¡nh sÃ¡ng tá»‘t, Ä‘áº·c biá»‡t lÃ  vÃ o ban Ä‘Ãªm"
17455895515,fucongtuan,PhÃ¢n loáº¡i hÃ ng: Tráº¯ng,2022-07-07 09:40,Báº¥m Ä‘Ã£ Ä‘Ã£ nghe thÃ­ch thÃ­ch. Láº§n Ä‘áº§u má»›i há»‘t phÃ­m cÆ¡ tráº£i nghiá»‡m.
17455895515,ipdungong,PhÃ¢n loáº¡i hÃ ng: Äen,2022-07-07 09:45,HÃ ng giao Ä‘Ãºng chá»§ng loáº¡i. Shop háº¡ giÃ¡ sá»›m hÆ¡n thÃ¬ tá»‘t quÃ¡. á»¦ng há»™ Shop 5 sao.
17455895515,dhhungjimko,PhÃ¢n loáº¡i hÃ ng: Äen,2022-06-26 22:41,Báº¥m Ä‘Ã£ Ä‘Ã£ nghe thÃ­ch thÃ­ch. Láº§n Ä‘áº§u má»›i há»‘t phÃ­m cÆ¡ tráº£i nghiá»‡m.
17455895515,snowflower09,PhÃ¢n loáº¡i hÃ ng: Äen,2022-08-22 18:44,"Sp ok láº¯m giao máº¥t 7-8 ngÃ y lÃ  Ä‘áº¿n nÆ¡i, quÃ¡ á»•n trong táº§m giÃ¡"
17455895515,pip_lato,PhÃ¢n loáº¡i hÃ ng: Tráº¯ng,2023-03-01 15:53,"PhÃ­m Ä‘áº¹p hÆ¡n mÃ¬nh nghÄ©, Ä‘Ã¡ng mua nha mn ( *Â¯ Â³Â¯*)â™¡"
17194624443,tpsn123,"PhÃ¢n loáº¡i hÃ ng: CÃ³ dÃ¢y,2 cÃ´ng táº¯c + 1 bá»™ kÃ©o",2023-06-16 21:26,"Mua cho con trai, nÃ³ thÃ­ch vÃ o kÃªu Ä‘áº¹p lÃ  ok rá»“i. Shop giao hangd nhanh"
17194624443,fingpong23,"PhÃ¢n loáº¡i hÃ ng: CÃ³ dÃ¢y,2 cÃ´ng táº¯c + 1 bá»™ kÃ©o",2023-07-05 09:45,"Cháº¥t lÆ°á»£ng sáº£n pháº©m: ok
TÃ­nh nÄƒng ná»•i báº­t: ok
Sáº£n pháº©m ngon bá»• ráº» phÃ¹ há»£p táº§m giÃ¡ vÃ  tÃºi tiá»n. HÃ¬nh áº£nh chá»‰ mang tÃ­nh cháº¥t kiáº¿m xu"
17194624443,sbl57wpxtx,"PhÃ¢n loáº¡i hÃ ng: 3 cháº¿ Ä‘á»™,2 cÃ´ng táº¯c + 1 bá»™ kÃ©o",2023-07-13 10:19,"Shop há»— trá»£ nhiá»‡t tÃ¬nh, cháº¥t lÆ°á»£ng tá»‘t, giÃ¡o hÃ ng nhanh. Ráº¥t hÃ i lÃ²ng."
17194624443,hngthnhohuy,"PhÃ¢n loáº¡i hÃ ng: CÃ³ dÃ¢y,2 cÃ´ng táº¯c + 1 bá»™ kÃ©o",2023-06-25 15:56,"Cháº¥t lÆ°á»£ng sáº£n pháº©m: ngon
TÃ­nh nÄƒng ná»•i báº­t: ok
Ngon"
17194624443,haphandung1994,"PhÃ¢n loáº¡i hÃ ng: CÃ³ dÃ¢y,2 cÃ´ng táº¯c + 1 bá»™ kÃ©o",2023-06-06 15:37,"TÃ­nh nÄƒng ná»•i báº­t: phÃ­m cÆ¡ 68 phÃ­m
Cháº¥t lÆ°á»£ng tuyá»‡t vá»i. NhÆ°ng Ä‘á»£i 3mode lÃ¢u quÃ¡ nÃªn mua 1 mode"
17194624443,sieupr0,"PhÃ¢n loáº¡i hÃ ng: 3 cháº¿ Ä‘á»™,2 cÃ´ng táº¯c + 1 bá»™ kÃ©o",2023-08-07 10:37,Good
17194624443,duchungpham,"PhÃ¢n loáº¡i hÃ ng: CÃ³ dÃ¢y,2 cÃ´ng táº¯c + 1 bá»™ kÃ©o",2023-06-15 12:41,Há»¯u Ãch?
17194624443,tuananhko,"PhÃ¢n loáº¡i hÃ ng: CÃ³ dÃ¢y,2 cÃ´ng táº¯c + 1 bá»™ kÃ©o",2023-06-28 23:00,Há»¯u Ãch?
